{"cameraMode":{"drawMode":0,"name":"Shaded","section":"Shading Mode"},"sceneLighting":true,"audioPlay":false,"sceneViewState":{"m_AlwaysRefresh":false,"showFog":true,"showSkybox":true,"showFlares":true,"showImageEffects":true,"showParticleSystems":true,"showVisualEffectGraphs":true,"m_FxEnabled":true},"in2DMode":false,"pivot":{"x":-7.133190155029297,"y":0.049901433289051059,"z":82.53937530517578},"rotation":{"x":-0.23733702301979066,"y":0.15937037765979768,"z":-0.039716728031635287,"w":-0.9575121998786926},"size":12.12435531616211,"orthographic":false}