{"cameraMode":{"drawMode":0,"name":"Shaded","section":"Shading Mode"},"sceneLighting":true,"audioPlay":false,"sceneViewState":{"m_AlwaysRefresh":false,"showFog":true,"showSkybox":true,"showFlares":true,"showImageEffects":true,"showParticleSystems":true,"showVisualEffectGraphs":true,"m_FxEnabled":true},"in2DMode":false,"pivot":{"x":68.4399185180664,"y":1.9528326988220215,"z":-46.38934326171875},"rotation":{"x":0.03631151467561722,"y":-0.5203202962875366,"z":-0.022235644981265069,"w":-0.8529642224311829},"size":0.33223724365234377,"orthographic":false}