{"cameraMode":{"drawMode":0,"name":"Shaded","section":"Shading Mode"},"sceneLighting":true,"audioPlay":false,"sceneViewState":{"m_AlwaysRefresh":false,"showFog":true,"showSkybox":true,"showFlares":true,"showImageEffects":true,"showParticleSystems":true,"showVisualEffectGraphs":true,"m_FxEnabled":true},"in2DMode":false,"pivot":{"x":-75.6662368774414,"y":6.640044689178467,"z":-22.990131378173829},"rotation":{"x":0.04286883398890495,"y":0.01977861300110817,"z":0.0008427521679550409,"w":-0.9988941550254822},"size":0.8660253882408142,"orthographic":false}